{
  "atlas": {
    "type": "msdf",
    "distanceRange": 16,
    "size": 128,
    "width": 64,
    "height": 64,
    "yOrigin": "bottom"
  },
  "metrics": {
    "lineHeight": 1.2,
    "ascender": 0.93500000000000005,
    "descender": -0.26500000000000001,
    "underlineY": -0.10000000000000001,
    "underlineThickness": 0.050000000000000003
  },
  "glyphs": [
    {
      "unicode": 65,
      "advance": 0.59999999999999998,
      "planeBounds": {
        "left": -0.04424999999999997,
        "bottom": -0.063703124999999972,
        "right": 0.64324999999999999,
        "top": 0.75270312500000003
      },
      "atlasBounds": {
        "left": 0,
        "bottom": 0,
        "right": 64,
        "top": 64
      }
    }
  ]
}
